,celltype,AUC
1_CD20 B cell_Isolated,CD20 B cell_Isolated,0.1951498006566604
100_CD20 B cell_Isolated,CD20 B cell_Isolated,0.4073287607000843
107_CD20 B cell_Isolated,CD20 B cell_Isolated,0.0761196978724652
108_CD20 B cell_Isolated,CD20 B cell_Isolated,0.21736701625094482
11_CD20 B cell_Isolated,CD20 B cell_Isolated,0.4522288944886348
115_CD20 B cell_Isolated,CD20 B cell_Isolated,0.20754575001501233
116_CD20 B cell_Isolated,CD20 B cell_Isolated,0.28929246200699227
12_CD20 B cell_Isolated,CD20 B cell_Isolated,0.3088743404094281
121_CD20 B cell_Isolated,CD20 B cell_Isolated,0.5222222222222223
125_CD20 B cell_Isolated,CD20 B cell_Isolated,0.29203869047619047
133_CD20 B cell_Isolated,CD20 B cell_Isolated,0.10291326882552368
134_CD20 B cell_Isolated,CD20 B cell_Isolated,0.31421957943013273
136_CD20 B cell_Isolated,CD20 B cell_Isolated,0.46600258693872676
137_CD20 B cell_Isolated,CD20 B cell_Isolated,0.34608057050641183
144_CD20 B cell_Isolated,CD20 B cell_Isolated,0.49331740174414546
145_CD20 B cell_Isolated,CD20 B cell_Isolated,0.4025397603485839
148_CD20 B cell_Isolated,CD20 B cell_Isolated,0.3758287372542367
151_CD20 B cell_Isolated,CD20 B cell_Isolated,0.3222021497021497
155_CD20 B cell_Isolated,CD20 B cell_Isolated,0.3672362851573378
159_CD20 B cell_Isolated,CD20 B cell_Isolated,0.1530537381065383
168_CD20 B cell_Isolated,CD20 B cell_Isolated,0.20876449793203994
178_CD20 B cell_Isolated,CD20 B cell_Isolated,0.07479928017718715
179_CD20 B cell_Isolated,CD20 B cell_Isolated,0.30445932864438874
184_CD20 B cell_Isolated,CD20 B cell_Isolated,0.5317124701425803
186_CD20 B cell_Isolated,CD20 B cell_Isolated,0.48699978719332815
192_CD20 B cell_Isolated,CD20 B cell_Isolated,
193_CD20 B cell_Isolated,CD20 B cell_Isolated,0.23188311260679684
198_CD20 B cell_Isolated,CD20 B cell_Isolated,0.6004191321499014
2_CD20 B cell_Isolated,CD20 B cell_Isolated,0.12399433383938592
21_CD20 B cell_Isolated,CD20 B cell_Isolated,0.3138259078884079
217_CD20 B cell_Isolated,CD20 B cell_Isolated,0.3043752923655189
222_CD20 B cell_Isolated,CD20 B cell_Isolated,0.19300868842907534
224_CD20 B cell_Isolated,CD20 B cell_Isolated,0.39898053580406523
227_CD20 B cell_Isolated,CD20 B cell_Isolated,0.2506612408612823
245_CD20 B cell_Isolated,CD20 B cell_Isolated,0.1817465592285249
259_CD20 B cell_Isolated,CD20 B cell_Isolated,0.20754368381640215
276_CD20 B cell_Isolated,CD20 B cell_Isolated,0.2891552387104713
33_CD20 B cell_Isolated,CD20 B cell_Isolated,0.37676879517787354
40_CD20 B cell_Isolated,CD20 B cell_Isolated,0.390625
43_CD20 B cell_Isolated,CD20 B cell_Isolated,0.4120129756438614
46_CD20 B cell_Isolated,CD20 B cell_Isolated,0.21481065759637188
56_CD20 B cell_Isolated,CD20 B cell_Isolated,0.16979092769370546
57_CD20 B cell_Isolated,CD20 B cell_Isolated,
58_CD20 B cell_Isolated,CD20 B cell_Isolated,0.33998427576762646
64_CD20 B cell_Isolated,CD20 B cell_Isolated,0.5434224966210259
67_CD20 B cell_Isolated,CD20 B cell_Isolated,0.4595155423280423
70_CD20 B cell_Isolated,CD20 B cell_Isolated,0.39364528218694883
73_CD20 B cell_Isolated,CD20 B cell_Isolated,0.2110349818580357
77_CD20 B cell_Isolated,CD20 B cell_Isolated,0.4615162037037037
82_CD20 B cell_Isolated,CD20 B cell_Isolated,0.3888624338624338
83_CD20 B cell_Isolated,CD20 B cell_Isolated,0.3404561188459555
84_CD20 B cell_Isolated,CD20 B cell_Isolated,0.5967916617916618
90-13787-A_CD20 B cell_Isolated,CD20 B cell_Isolated,0.008013284669877104
92-10570-2E_CD20 B cell_Isolated,CD20 B cell_Isolated,0.006703170597611695
92-16604-B_CD20 B cell_Isolated,CD20 B cell_Isolated,0.01893150439896302
92-20731-A_CD20 B cell_Isolated,CD20 B cell_Isolated,0.06225789055885732
92-28299-1B_CD20 B cell_Isolated,CD20 B cell_Isolated,0.036548653307889756
93-15874-A_CD20 B cell_Isolated,CD20 B cell_Isolated,0.011138771508265342
96-14307-G_CD20 B cell_Isolated,CD20 B cell_Isolated,0.05636277458661439
97-15244-1H_CD20 B cell_Isolated,CD20 B cell_Isolated,0.012054696135605348
98-9915-4O/N_CD20 B cell_Isolated,CD20 B cell_Isolated,0.05034382764244885
99-3530-2D_CD20 B cell_Isolated,CD20 B cell_Isolated,0.06198707107764297
JP-TMA2-1_scene03_CD20 B cell_Isolated,CD20 B cell_Isolated,0.004342883219749813
JP-TMA2-1_scene07_CD20 B cell_Isolated,CD20 B cell_Isolated,0.014367480034130497
JP-TMA2-1_scene11_CD20 B cell_Isolated,CD20 B cell_Isolated,0.005009143568340809
JP-TMA2-1_scene15_CD20 B cell_Isolated,CD20 B cell_Isolated,0.2904894720535929
JP-TMA2-1_scene17_CD20 B cell_Isolated,CD20 B cell_Isolated,0.018626876241247287
JP-TMA2-1_scene19_CD20 B cell_Isolated,CD20 B cell_Isolated,0.006221305664701552
JP-TMA2-1_scene22_CD20 B cell_Isolated,CD20 B cell_Isolated,0.03443581284325252
JP-TMA2-1_scene29_CD20 B cell_Isolated,CD20 B cell_Isolated,0.014403029896244422
JP-TMA2-1_scene31_CD20 B cell_Isolated,CD20 B cell_Isolated,0.01691203321607556
JP-TMA2-1_scene32_CD20 B cell_Isolated,CD20 B cell_Isolated,0.030961237300341976
JP-TMA2-1_scene34_CD20 B cell_Isolated,CD20 B cell_Isolated,0.06386358669575226
JP-TMA2-1_scene35_CD20 B cell_Isolated,CD20 B cell_Isolated,0.12131693912657339
JP-TMA2-1_scene36_CD20 B cell_Isolated,CD20 B cell_Isolated,0.013599746032107523
JP-TMA2-1_scene37_CD20 B cell_Isolated,CD20 B cell_Isolated,0.025994646196884554
JP-TMA2-1_scene39_CD20 B cell_Isolated,CD20 B cell_Isolated,0.12271401288504857
JP-TMA2-1_scene40_CD20 B cell_Isolated,CD20 B cell_Isolated,0.026756519115773425
JP-TMA2-1_scene41_CD20 B cell_Isolated,CD20 B cell_Isolated,0.0181385055975525
M1_CD20 B cell_Isolated,CD20 B cell_Isolated,0.6969268358268902
M10_CD20 B cell_Isolated,CD20 B cell_Isolated,0.18528101438530353
M11_CD20 B cell_Isolated,CD20 B cell_Isolated,0.07102447945398058
M12_CD20 B cell_Isolated,CD20 B cell_Isolated,0.5546605161988689
M13_CD20 B cell_Isolated,CD20 B cell_Isolated,0.2609456534398049
M17_CD20 B cell_Isolated,CD20 B cell_Isolated,0.6000610580489599
M2_CD20 B cell_Isolated,CD20 B cell_Isolated,0.5632274736094944
M20_CD20 B cell_Isolated,CD20 B cell_Isolated,0.21307343836194176
M23_CD20 B cell_Isolated,CD20 B cell_Isolated,0.21002905070788763
M28_CD20 B cell_Isolated,CD20 B cell_Isolated,0.39312071265343795
M3_CD20 B cell_Isolated,CD20 B cell_Isolated,0.6516049632803491
M30_CD20 B cell_Isolated,CD20 B cell_Isolated,0.6107380452208239
M32_CD20 B cell_Isolated,CD20 B cell_Isolated,0.2368340978368569
M35_CD20 B cell_Isolated,CD20 B cell_Isolated,0.5298093531974262
M36_CD20 B cell_Isolated,CD20 B cell_Isolated,0.08823529593800304
M37_CD20 B cell_Isolated,CD20 B cell_Isolated,0.44011976740346986
M39_CD20 B cell_Isolated,CD20 B cell_Isolated,0.38700258309115926
M4_CD20 B cell_Isolated,CD20 B cell_Isolated,0.592129847977517
M40_CD20 B cell_Isolated,CD20 B cell_Isolated,0.6806280897749798
M41_CD20 B cell_Isolated,CD20 B cell_Isolated,0.41294355537231586
M5_CD20 B cell_Isolated,CD20 B cell_Isolated,0.5347412058214782
M6_CD20 B cell_Isolated,CD20 B cell_Isolated,0.1638071954966281
M9_CD20 B cell_Isolated,CD20 B cell_Isolated,0.46526476203822503
NB-05-12002_CD20 B cell_Isolated,CD20 B cell_Isolated,0.10182961393762244
Z12_CD20 B cell_Isolated,CD20 B cell_Isolated,0.5567392411510058
Z13_CD20 B cell_Isolated,CD20 B cell_Isolated,0.2780988242526704
Z19_CD20 B cell_Isolated,CD20 B cell_Isolated,0.43988937974417214
Z21_CD20 B cell_Isolated,CD20 B cell_Isolated,0.19640868693156271
Z22_CD20 B cell_Isolated,CD20 B cell_Isolated,0.303378118399813
Z25_CD20 B cell_Isolated,CD20 B cell_Isolated,0.53328232389352
Z27_CD20 B cell_Isolated,CD20 B cell_Isolated,0.4125933388537135
Z28_CD20 B cell_Isolated,CD20 B cell_Isolated,0.5471018707390708
Z30_CD20 B cell_Isolated,CD20 B cell_Isolated,0.3604791299235744
Z31_CD20 B cell_Isolated,CD20 B cell_Isolated,0.40458684875351547
Z33_CD20 B cell_Isolated,CD20 B cell_Isolated,0.5419001179596418
Z35_CD20 B cell_Isolated,CD20 B cell_Isolated,0.4919184700502923
Z40_CD20 B cell_Isolated,CD20 B cell_Isolated,0.4776322118427382
Z47_CD20 B cell_Isolated,CD20 B cell_Isolated,0.36760088085955456
Z48_CD20 B cell_Isolated,CD20 B cell_Isolated,0.5185712719662623
Z49_CD20 B cell_Isolated,CD20 B cell_Isolated,0.3631780878420663
Z51_CD20 B cell_Isolated,CD20 B cell_Isolated,0.36708181271893187
Z52_CD20 B cell_Isolated,CD20 B cell_Isolated,0.6687661535734807
Z55_CD20 B cell_Isolated,CD20 B cell_Isolated,0.5415083371196361
Z56_CD20 B cell_Isolated,CD20 B cell_Isolated,0.3133978471520485
Z57_CD20 B cell_Isolated,CD20 B cell_Isolated,0.5418911836287251
Z59_CD20 B cell_Isolated,CD20 B cell_Isolated,0.5398996122555894
Z6_CD20 B cell_Isolated,CD20 B cell_Isolated,0.6058375967466877
Z60_CD20 B cell_Isolated,CD20 B cell_Isolated,0.5452559224382542
Z72_CD20 B cell_Isolated,CD20 B cell_Isolated,0.6233764001637105
Z8_CD20 B cell_Isolated,CD20 B cell_Isolated,0.5653878238163953
Z9_CD20 B cell_Isolated,CD20 B cell_Isolated,0.43809350900169153
01-16333-3D_CD20 B cell_Clustered,CD20 B cell_Clustered,0.014485369077215413
01-22975-1E_CD20 B cell_Clustered,CD20 B cell_Clustered,0.04675146336893075
02-9184-3G_CD20 B cell_Clustered,CD20 B cell_Clustered,0.011266714350431327
11_CD20 B cell_Clustered,CD20 B cell_Clustered,0.26944610342049197
116_CD20 B cell_Clustered,CD20 B cell_Clustered,0.21155226404002248
134_CD20 B cell_Clustered,CD20 B cell_Clustered,0.11288711618527192
137_CD20 B cell_Clustered,CD20 B cell_Clustered,0.20389282016516702
144_CD20 B cell_Clustered,CD20 B cell_Clustered,0.46901890277257663
148_CD20 B cell_Clustered,CD20 B cell_Clustered,0.31455667736813686
15_CD20 B cell_Clustered,CD20 B cell_Clustered,0.18449005189516623
155_CD20 B cell_Clustered,CD20 B cell_Clustered,0.3483300960735171
179_CD20 B cell_Clustered,CD20 B cell_Clustered,0.16046984780484352
183_CD20 B cell_Clustered,CD20 B cell_Clustered,0.11580470098687075
184_CD20 B cell_Clustered,CD20 B cell_Clustered,0.5317961288247265
186_CD20 B cell_Clustered,CD20 B cell_Clustered,0.23635251322751322
224_CD20 B cell_Clustered,CD20 B cell_Clustered,0.36469014250999543
33_CD20 B cell_Clustered,CD20 B cell_Clustered,0.127476888183998
43_CD20 B cell_Clustered,CD20 B cell_Clustered,0.11680409104955017
64_CD20 B cell_Clustered,CD20 B cell_Clustered,0.21865924108571166
67_CD20 B cell_Clustered,CD20 B cell_Clustered,0.1415250771604938
75_CD20 B cell_Clustered,CD20 B cell_Clustered,0.4887436224489796
82_CD20 B cell_Clustered,CD20 B cell_Clustered,0.1470224528557862
83_CD20 B cell_Clustered,CD20 B cell_Clustered,0.4028866460081273
90-8392-1A_CD20 B cell_Clustered,CD20 B cell_Clustered,0.004072564466811967
92-16604-B_CD20 B cell_Clustered,CD20 B cell_Clustered,0.008628495457216242
92-20731-A_CD20 B cell_Clustered,CD20 B cell_Clustered,0.013005843483532994
92-28299-1B_CD20 B cell_Clustered,CD20 B cell_Clustered,0.018187099855408555
93-21557-1A_CD20 B cell_Clustered,CD20 B cell_Clustered,0.007883275877926654
93-24333-1B_CD20 B cell_Clustered,CD20 B cell_Clustered,0.012651910314480116
94-6524-1F_CD20 B cell_Clustered,CD20 B cell_Clustered,0.008349647732963051
97-15244-1H_CD20 B cell_Clustered,CD20 B cell_Clustered,0.026579223594320415
98-9915-4O/N_CD20 B cell_Clustered,CD20 B cell_Clustered,0.042781265328537814
99-3530-2D_CD20 B cell_Clustered,CD20 B cell_Clustered,0.08203482670983481
Apr-64_CD20 B cell_Clustered,CD20 B cell_Clustered,0.006399060123931024
JP-TMA2-1_scene07_CD20 B cell_Clustered,CD20 B cell_Clustered,0.014638901034471434
JP-TMA2-1_scene11_CD20 B cell_Clustered,CD20 B cell_Clustered,0.005009143568340809
JP-TMA2-1_scene15_CD20 B cell_Clustered,CD20 B cell_Clustered,0.12928925588529347
JP-TMA2-1_scene17_CD20 B cell_Clustered,CD20 B cell_Clustered,0.01285871510320857
JP-TMA2-1_scene21_CD20 B cell_Clustered,CD20 B cell_Clustered,0.031216586995532144
JP-TMA2-1_scene22_CD20 B cell_Clustered,CD20 B cell_Clustered,0.008869724348431338
JP-TMA2-1_scene28_CD20 B cell_Clustered,CD20 B cell_Clustered,0.046265561424670226
JP-TMA2-1_scene31_CD20 B cell_Clustered,CD20 B cell_Clustered,0.007181141791496297
JP-TMA2-1_scene34_CD20 B cell_Clustered,CD20 B cell_Clustered,0.06312994734223364
JP-TMA2-1_scene35_CD20 B cell_Clustered,CD20 B cell_Clustered,0.05987816135860421
JP-TMA2-1_scene37_CD20 B cell_Clustered,CD20 B cell_Clustered,0.029423749741243004
JP-TMA2-1_scene39_CD20 B cell_Clustered,CD20 B cell_Clustered,0.2532673579577806
M1_CD20 B cell_Clustered,CD20 B cell_Clustered,0.38827436814575045
M12_CD20 B cell_Clustered,CD20 B cell_Clustered,0.32910382228374135
M13_CD20 B cell_Clustered,CD20 B cell_Clustered,0.4235093302448066
M16_CD20 B cell_Clustered,CD20 B cell_Clustered,0.18143001038563583
M17_CD20 B cell_Clustered,CD20 B cell_Clustered,0.672019457256268
M2_CD20 B cell_Clustered,CD20 B cell_Clustered,0.41093284031339744
M28_CD20 B cell_Clustered,CD20 B cell_Clustered,0.7325886902060258
M3_CD20 B cell_Clustered,CD20 B cell_Clustered,0.6080942215493383
M30_CD20 B cell_Clustered,CD20 B cell_Clustered,0.941179532328798
M32_CD20 B cell_Clustered,CD20 B cell_Clustered,0.1464430716286617
M35_CD20 B cell_Clustered,CD20 B cell_Clustered,0.6862598097081348
M37_CD20 B cell_Clustered,CD20 B cell_Clustered,0.3643958696937949
M4_CD20 B cell_Clustered,CD20 B cell_Clustered,0.47137021435979526
M40_CD20 B cell_Clustered,CD20 B cell_Clustered,0.40738719158450953
M41_CD20 B cell_Clustered,CD20 B cell_Clustered,0.07749162700292568
M5_CD20 B cell_Clustered,CD20 B cell_Clustered,0.6862598097081348
M6_CD20 B cell_Clustered,CD20 B cell_Clustered,0.18143001038563583
M9_CD20 B cell_Clustered,CD20 B cell_Clustered,0.17559805851801275
Z19_CD20 B cell_Clustered,CD20 B cell_Clustered,0.4380824572025118
Z22_CD20 B cell_Clustered,CD20 B cell_Clustered,0.42812149635755914
Z25_CD20 B cell_Clustered,CD20 B cell_Clustered,0.4478494280248666
Z27_CD20 B cell_Clustered,CD20 B cell_Clustered,0.44111874055177624
Z28_CD20 B cell_Clustered,CD20 B cell_Clustered,0.6999783988239424
Z33_CD20 B cell_Clustered,CD20 B cell_Clustered,0.6846280606518702
Z35_CD20 B cell_Clustered,CD20 B cell_Clustered,0.12275581784664284
Z47_CD20 B cell_Clustered,CD20 B cell_Clustered,0.38895997793056614
Z48_CD20 B cell_Clustered,CD20 B cell_Clustered,0.5102798138810137
Z52_CD20 B cell_Clustered,CD20 B cell_Clustered,0.6242633486794394
Z56_CD20 B cell_Clustered,CD20 B cell_Clustered,0.28806196184394095
Z57_CD20 B cell_Clustered,CD20 B cell_Clustered,0.36610322586850197
Z59_CD20 B cell_Clustered,CD20 B cell_Clustered,0.5109223057225836
Z60_CD20 B cell_Clustered,CD20 B cell_Clustered,0.453129103513127
Z66_CD20 B cell_Clustered,CD20 B cell_Clustered,0.2296122269724754
Z72_CD20 B cell_Clustered,CD20 B cell_Clustered,0.38774231127466047
Z8_CD20 B cell_Clustered,CD20 B cell_Clustered,0.4573566675828581
Z9_CD20 B cell_Clustered,CD20 B cell_Clustered,0.5004288103910866
01-16333-3D_CD20 B cell_All,CD20 B cell_All,0.014485369077215413
01-22975-1E_CD20 B cell_All,CD20 B cell_All,0.04675146336893075
02-9184-3G_CD20 B cell_All,CD20 B cell_All,0.011266714350431327
1_CD20 B cell_All,CD20 B cell_All,0.1951498006566604
100_CD20 B cell_All,CD20 B cell_All,0.4073287607000843
107_CD20 B cell_All,CD20 B cell_All,0.0761196978724652
108_CD20 B cell_All,CD20 B cell_All,0.21736701625094482
11_CD20 B cell_All,CD20 B cell_All,0.3608374989545634
115_CD20 B cell_All,CD20 B cell_All,0.20754575001501233
116_CD20 B cell_All,CD20 B cell_All,0.2504223630235074
12_CD20 B cell_All,CD20 B cell_All,0.3088743404094281
121_CD20 B cell_All,CD20 B cell_All,0.5222222222222223
125_CD20 B cell_All,CD20 B cell_All,0.29203869047619047
133_CD20 B cell_All,CD20 B cell_All,0.10291326882552368
134_CD20 B cell_All,CD20 B cell_All,0.21355334780770235
136_CD20 B cell_All,CD20 B cell_All,0.46600258693872676
137_CD20 B cell_All,CD20 B cell_All,0.27498669533578934
144_CD20 B cell_All,CD20 B cell_All,0.48116815225836107
145_CD20 B cell_All,CD20 B cell_All,0.4025397603485839
148_CD20 B cell_All,CD20 B cell_All,0.3451927073111868
15_CD20 B cell_All,CD20 B cell_All,0.18449005189516623
151_CD20 B cell_All,CD20 B cell_All,0.3222021497021497
155_CD20 B cell_All,CD20 B cell_All,0.35778319061542746
159_CD20 B cell_All,CD20 B cell_All,0.1530537381065383
168_CD20 B cell_All,CD20 B cell_All,0.20876449793203994
178_CD20 B cell_All,CD20 B cell_All,0.07479928017718715
179_CD20 B cell_All,CD20 B cell_All,0.23246458822461602
183_CD20 B cell_All,CD20 B cell_All,0.11580470098687075
184_CD20 B cell_All,CD20 B cell_All,0.5317542994836534
186_CD20 B cell_All,CD20 B cell_All,0.37518797969191015
192_CD20 B cell_All,CD20 B cell_All,
193_CD20 B cell_All,CD20 B cell_All,0.23188311260679684
198_CD20 B cell_All,CD20 B cell_All,0.6004191321499014
2_CD20 B cell_All,CD20 B cell_All,0.12399433383938592
21_CD20 B cell_All,CD20 B cell_All,0.3138259078884079
217_CD20 B cell_All,CD20 B cell_All,0.3043752923655189
222_CD20 B cell_All,CD20 B cell_All,0.19300868842907534
224_CD20 B cell_All,CD20 B cell_All,0.38183533915703033
227_CD20 B cell_All,CD20 B cell_All,0.2506612408612823
245_CD20 B cell_All,CD20 B cell_All,0.1817465592285249
259_CD20 B cell_All,CD20 B cell_All,0.20754368381640215
276_CD20 B cell_All,CD20 B cell_All,0.2891552387104713
33_CD20 B cell_All,CD20 B cell_All,0.25212284168093574
40_CD20 B cell_All,CD20 B cell_All,0.390625
43_CD20 B cell_All,CD20 B cell_All,0.2644085333467057
46_CD20 B cell_All,CD20 B cell_All,0.21481065759637188
56_CD20 B cell_All,CD20 B cell_All,0.16979092769370546
57_CD20 B cell_All,CD20 B cell_All,
58_CD20 B cell_All,CD20 B cell_All,0.33998427576762646
64_CD20 B cell_All,CD20 B cell_All,0.38104086885336885
67_CD20 B cell_All,CD20 B cell_All,0.30052030974426813
70_CD20 B cell_All,CD20 B cell_All,0.39364528218694883
73_CD20 B cell_All,CD20 B cell_All,0.2110349818580357
75_CD20 B cell_All,CD20 B cell_All,0.4887436224489796
77_CD20 B cell_All,CD20 B cell_All,0.4615162037037037
82_CD20 B cell_All,CD20 B cell_All,0.26794244335911
83_CD20 B cell_All,CD20 B cell_All,0.37167138242704145
84_CD20 B cell_All,CD20 B cell_All,0.5967916617916618
90-13787-A_CD20 B cell_All,CD20 B cell_All,0.008013284669877104
90-8392-1A_CD20 B cell_All,CD20 B cell_All,0.004072564466811967
92-10570-2E_CD20 B cell_All,CD20 B cell_All,0.006703170597611695
92-16604-B_CD20 B cell_All,CD20 B cell_All,0.013779999928089632
92-20731-A_CD20 B cell_All,CD20 B cell_All,0.04634392446614759
92-28299-1B_CD20 B cell_All,CD20 B cell_All,0.027367876581649155
93-15874-A_CD20 B cell_All,CD20 B cell_All,0.011138771508265342
93-21557-1A_CD20 B cell_All,CD20 B cell_All,0.007883275877926654
93-24333-1B_CD20 B cell_All,CD20 B cell_All,0.012651910314480116
94-6524-1F_CD20 B cell_All,CD20 B cell_All,0.008349647732963051
96-14307-G_CD20 B cell_All,CD20 B cell_All,0.05636277458661439
97-15244-1H_CD20 B cell_All,CD20 B cell_All,0.019316959864962884
98-9915-4O/N_CD20 B cell_All,CD20 B cell_All,0.04656254648549333
99-3530-2D_CD20 B cell_All,CD20 B cell_All,0.0720109488937389
Apr-64_CD20 B cell_All,CD20 B cell_All,0.006399060123931024
JP-TMA2-1_scene03_CD20 B cell_All,CD20 B cell_All,0.004342883219749813
JP-TMA2-1_scene07_CD20 B cell_All,CD20 B cell_All,0.014503190534300967
JP-TMA2-1_scene11_CD20 B cell_All,CD20 B cell_All,0.005009143568340809
JP-TMA2-1_scene15_CD20 B cell_All,CD20 B cell_All,0.20988936396944316
JP-TMA2-1_scene17_CD20 B cell_All,CD20 B cell_All,0.01574279567222793
JP-TMA2-1_scene19_CD20 B cell_All,CD20 B cell_All,0.006221305664701552
JP-TMA2-1_scene21_CD20 B cell_All,CD20 B cell_All,0.031216586995532144
JP-TMA2-1_scene22_CD20 B cell_All,CD20 B cell_All,0.021652768595841934
JP-TMA2-1_scene28_CD20 B cell_All,CD20 B cell_All,0.046265561424670226
JP-TMA2-1_scene29_CD20 B cell_All,CD20 B cell_All,0.014403029896244422
JP-TMA2-1_scene31_CD20 B cell_All,CD20 B cell_All,0.012046587503785925
JP-TMA2-1_scene32_CD20 B cell_All,CD20 B cell_All,0.030961237300341976
JP-TMA2-1_scene34_CD20 B cell_All,CD20 B cell_All,0.06349676701899294
JP-TMA2-1_scene35_CD20 B cell_All,CD20 B cell_All,0.09059755024258878
JP-TMA2-1_scene36_CD20 B cell_All,CD20 B cell_All,0.013599746032107523
JP-TMA2-1_scene37_CD20 B cell_All,CD20 B cell_All,0.02770919796906378
JP-TMA2-1_scene39_CD20 B cell_All,CD20 B cell_All,0.18799068542141464
JP-TMA2-1_scene40_CD20 B cell_All,CD20 B cell_All,0.026756519115773425
JP-TMA2-1_scene41_CD20 B cell_All,CD20 B cell_All,0.0181385055975525
M1_CD20 B cell_All,CD20 B cell_All,0.5426006019863202
M10_CD20 B cell_All,CD20 B cell_All,0.18528101438530353
M11_CD20 B cell_All,CD20 B cell_All,0.07102447945398058
M12_CD20 B cell_All,CD20 B cell_All,0.44188216924130513
M13_CD20 B cell_All,CD20 B cell_All,0.3422274918423058
M16_CD20 B cell_All,CD20 B cell_All,0.18143001038563583
M17_CD20 B cell_All,CD20 B cell_All,0.636040257652614
M2_CD20 B cell_All,CD20 B cell_All,0.487080156961446
M20_CD20 B cell_All,CD20 B cell_All,0.21307343836194176
M23_CD20 B cell_All,CD20 B cell_All,0.21002905070788763
M28_CD20 B cell_All,CD20 B cell_All,0.5628547014297319
M3_CD20 B cell_All,CD20 B cell_All,0.6298495924148437
M30_CD20 B cell_All,CD20 B cell_All,0.775958788774811
M32_CD20 B cell_All,CD20 B cell_All,0.1916385847327593
M35_CD20 B cell_All,CD20 B cell_All,0.6080345814527804
M36_CD20 B cell_All,CD20 B cell_All,0.08823529593800304
M37_CD20 B cell_All,CD20 B cell_All,0.40225781854863235
M39_CD20 B cell_All,CD20 B cell_All,0.38700258309115926
M4_CD20 B cell_All,CD20 B cell_All,0.5317500311686562
M40_CD20 B cell_All,CD20 B cell_All,0.5440076406797447
M41_CD20 B cell_All,CD20 B cell_All,0.2452175911876207
M5_CD20 B cell_All,CD20 B cell_All,0.6105005077648066
M6_CD20 B cell_All,CD20 B cell_All,0.17261860294113196
M9_CD20 B cell_All,CD20 B cell_All,0.32043141027811894
NB-05-12002_CD20 B cell_All,CD20 B cell_All,0.10182961393762244
Z12_CD20 B cell_All,CD20 B cell_All,0.5567392411510058
Z13_CD20 B cell_All,CD20 B cell_All,0.2780988242526704
Z19_CD20 B cell_All,CD20 B cell_All,0.438985918473342
Z21_CD20 B cell_All,CD20 B cell_All,0.19640868693156271
Z22_CD20 B cell_All,CD20 B cell_All,0.33594896314328304
Z25_CD20 B cell_All,CD20 B cell_All,0.5052136533935165
Z27_CD20 B cell_All,CD20 B cell_All,0.4204208895741328
Z28_CD20 B cell_All,CD20 B cell_All,0.6138790204096559
Z30_CD20 B cell_All,CD20 B cell_All,0.3604791299235744
Z31_CD20 B cell_All,CD20 B cell_All,0.40458684875351547
Z33_CD20 B cell_All,CD20 B cell_All,0.6132640893057559
Z35_CD20 B cell_All,CD20 B cell_All,0.4899776669218381
Z40_CD20 B cell_All,CD20 B cell_All,0.4776322118427382
Z47_CD20 B cell_All,CD20 B cell_All,0.3713479608047289
Z48_CD20 B cell_All,CD20 B cell_All,0.514425542923638
Z49_CD20 B cell_All,CD20 B cell_All,0.3631780878420663
Z51_CD20 B cell_All,CD20 B cell_All,0.36708181271893187
Z52_CD20 B cell_All,CD20 B cell_All,0.6465147511264601
Z55_CD20 B cell_All,CD20 B cell_All,0.5415083371196361
Z56_CD20 B cell_All,CD20 B cell_All,0.30072990449799475
Z57_CD20 B cell_All,CD20 B cell_All,0.4285664272269083
Z59_CD20 B cell_All,CD20 B cell_All,0.523218299678477
Z6_CD20 B cell_All,CD20 B cell_All,0.6058375967466877
Z60_CD20 B cell_All,CD20 B cell_All,0.49919251297569067
Z66_CD20 B cell_All,CD20 B cell_All,0.2296122269724754
Z72_CD20 B cell_All,CD20 B cell_All,0.5256708661899967
Z8_CD20 B cell_All,CD20 B cell_All,0.5113722456996267
Z9_CD20 B cell_All,CD20 B cell_All,0.45170355021654296
00-13520-8C_CD3 T cell_Isolated,CD3 T cell_Isolated,0.06465744215206146
00-18339-2E_CD3 T cell_Isolated,CD3 T cell_Isolated,0.01136114426352592
00-25691-4E_CD3 T cell_Isolated,CD3 T cell_Isolated,0.037518631980645194
00-8939-2D_CD3 T cell_Isolated,CD3 T cell_Isolated,0.006965430645556806
01-16333-3D_CD3 T cell_Isolated,CD3 T cell_Isolated,0.3247625611348578
01-20792-3H_CD3 T cell_Isolated,CD3 T cell_Isolated,0.06183714760478855
01-22975-1E_CD3 T cell_Isolated,CD3 T cell_Isolated,0.39296971359203825
01-24001-1O_CD3 T cell_Isolated,CD3 T cell_Isolated,0.013907609429026158
01-5730-4A_CD3 T cell_Isolated,CD3 T cell_Isolated,0.03859851801371943
02-5218-4K_CD3 T cell_Isolated,CD3 T cell_Isolated,0.04620600373263795
02-9184-3G_CD3 T cell_Isolated,CD3 T cell_Isolated,0.41548362685781876
05-15168-7B_CD3 T cell_Isolated,CD3 T cell_Isolated,0.16169580493392924
1_CD3 T cell_Isolated,CD3 T cell_Isolated,0.5073720391651032
100_CD3 T cell_Isolated,CD3 T cell_Isolated,0.18022069801113916
106_CD3 T cell_Isolated,CD3 T cell_Isolated,0.5302638067061144
107_CD3 T cell_Isolated,CD3 T cell_Isolated,0.8556946636624999
11_CD3 T cell_Isolated,CD3 T cell_Isolated,0.7181082175764032
110_CD3 T cell_Isolated,CD3 T cell_Isolated,0.31963455746183245
115_CD3 T cell_Isolated,CD3 T cell_Isolated,0.6492834499289417
116_CD3 T cell_Isolated,CD3 T cell_Isolated,0.6885316126753723
12_CD3 T cell_Isolated,CD3 T cell_Isolated,0.5847598893958543
121_CD3 T cell_Isolated,CD3 T cell_Isolated,0.3555555555555555
125_CD3 T cell_Isolated,CD3 T cell_Isolated,0.29650297619047616
133_CD3 T cell_Isolated,CD3 T cell_Isolated,0.44840706021740917
134_CD3 T cell_Isolated,CD3 T cell_Isolated,0.5519844061713939
136_CD3 T cell_Isolated,CD3 T cell_Isolated,0.5248154783907855
137_CD3 T cell_Isolated,CD3 T cell_Isolated,0.6137348905049509
14_CD3 T cell_Isolated,CD3 T cell_Isolated,0.6710050094928969
144_CD3 T cell_Isolated,CD3 T cell_Isolated,0.6682498595911758
145_CD3 T cell_Isolated,CD3 T cell_Isolated,0.624723544973545
148_CD3 T cell_Isolated,CD3 T cell_Isolated,0.6514518361001436
15_CD3 T cell_Isolated,CD3 T cell_Isolated,0.7335308860924123
151_CD3 T cell_Isolated,CD3 T cell_Isolated,0.7569873413623415
155_CD3 T cell_Isolated,CD3 T cell_Isolated,0.48559001670843777
157_CD3 T cell_Isolated,CD3 T cell_Isolated,0.1218482905982906
159_CD3 T cell_Isolated,CD3 T cell_Isolated,0.3166535301828373
160_CD3 T cell_Isolated,CD3 T cell_Isolated,
161_CD3 T cell_Isolated,CD3 T cell_Isolated,0.525462962962963
163_CD3 T cell_Isolated,CD3 T cell_Isolated,0.27934491978609627
165_CD3 T cell_Isolated,CD3 T cell_Isolated,0.6085714285714285
168_CD3 T cell_Isolated,CD3 T cell_Isolated,0.4163804303772791
178_CD3 T cell_Isolated,CD3 T cell_Isolated,0.03703626799557032
179_CD3 T cell_Isolated,CD3 T cell_Isolated,0.725814495065943
180_CD3 T cell_Isolated,CD3 T cell_Isolated,0.3720258398694486
183_CD3 T cell_Isolated,CD3 T cell_Isolated,0.11580470098687075
184_CD3 T cell_Isolated,CD3 T cell_Isolated,0.7352347697813917
186_CD3 T cell_Isolated,CD3 T cell_Isolated,0.7989630545411516
190_CD3 T cell_Isolated,CD3 T cell_Isolated,0.6314688838498362
191_CD3 T cell_Isolated,CD3 T cell_Isolated,0.5940776979012273
192_CD3 T cell_Isolated,CD3 T cell_Isolated,
193_CD3 T cell_Isolated,CD3 T cell_Isolated,0.6224471113286902
196_CD3 T cell_Isolated,CD3 T cell_Isolated,0.3860173768581507
198_CD3 T cell_Isolated,CD3 T cell_Isolated,0.4792159763313609
2_CD3 T cell_Isolated,CD3 T cell_Isolated,0.39043862108185035
200_CD3 T cell_Isolated,CD3 T cell_Isolated,0.5640248321272183
201_CD3 T cell_Isolated,CD3 T cell_Isolated,0.47916666666666663
206_CD3 T cell_Isolated,CD3 T cell_Isolated,0.6250927643784787
21_CD3 T cell_Isolated,CD3 T cell_Isolated,0.5446544233057391
211_CD3 T cell_Isolated,CD3 T cell_Isolated,0.3806219919324778
216_CD3 T cell_Isolated,CD3 T cell_Isolated,0.584167442824938
217_CD3 T cell_Isolated,CD3 T cell_Isolated,0.606427646708833
222_CD3 T cell_Isolated,CD3 T cell_Isolated,0.38602977765180146
224_CD3 T cell_Isolated,CD3 T cell_Isolated,0.5143218737281237
227_CD3 T cell_Isolated,CD3 T cell_Isolated,0.2703224931355114
23_CD3 T cell_Isolated,CD3 T cell_Isolated,0.5697543861581181
230_CD3 T cell_Isolated,CD3 T cell_Isolated,0.5925925925925926
233_CD3 T cell_Isolated,CD3 T cell_Isolated,0.5178991828810378
237_CD3 T cell_Isolated,CD3 T cell_Isolated,0.1865079365079365
238_CD3 T cell_Isolated,CD3 T cell_Isolated,0.5796938257381805
242_CD3 T cell_Isolated,CD3 T cell_Isolated,0.5623116039000743
245_CD3 T cell_Isolated,CD3 T cell_Isolated,0.5774856988753625
252_CD3 T cell_Isolated,CD3 T cell_Isolated,0.25015570168876317
257_CD3 T cell_Isolated,CD3 T cell_Isolated,0.2611111111111111
259_CD3 T cell_Isolated,CD3 T cell_Isolated,0.5521008894287809
261_CD3 T cell_Isolated,CD3 T cell_Isolated,0.6809094270922228
270_CD3 T cell_Isolated,CD3 T cell_Isolated,0.5210590344844732
276_CD3 T cell_Isolated,CD3 T cell_Isolated,0.44187124707764247
28_CD3 T cell_Isolated,CD3 T cell_Isolated,0.32822842546980474
283_CD3 T cell_Isolated,CD3 T cell_Isolated,0.5431643852299478
284_CD3 T cell_Isolated,CD3 T cell_Isolated,0.5854005422187241
3_CD3 T cell_Isolated,CD3 T cell_Isolated,
33_CD3 T cell_Isolated,CD3 T cell_Isolated,0.6792510821981195
40_CD3 T cell_Isolated,CD3 T cell_Isolated,0.546875
43_CD3 T cell_Isolated,CD3 T cell_Isolated,0.7061849072904661
46_CD3 T cell_Isolated,CD3 T cell_Isolated,0.47381972789115645
47_CD3 T cell_Isolated,CD3 T cell_Isolated,
50_CD3 T cell_Isolated,CD3 T cell_Isolated,0.5889983164983166
56_CD3 T cell_Isolated,CD3 T cell_Isolated,0.42557441683830577
57_CD3 T cell_Isolated,CD3 T cell_Isolated,
58_CD3 T cell_Isolated,CD3 T cell_Isolated,0.4649445798498403
64_CD3 T cell_Isolated,CD3 T cell_Isolated,0.6557409277813689
67_CD3 T cell_Isolated,CD3 T cell_Isolated,0.7799847332451499
70_CD3 T cell_Isolated,CD3 T cell_Isolated,0.6996904561487894
73_CD3 T cell_Isolated,CD3 T cell_Isolated,0.6802090257700126
75_CD3 T cell_Isolated,CD3 T cell_Isolated,0.585905612244898
77_CD3 T cell_Isolated,CD3 T cell_Isolated,0.23075810185185186
82_CD3 T cell_Isolated,CD3 T cell_Isolated,0.6777909436242769
83_CD3 T cell_Isolated,CD3 T cell_Isolated,0.7462422667700245
84_CD3 T cell_Isolated,CD3 T cell_Isolated,0.5321804921804922
90-13787-A_CD3 T cell_Isolated,CD3 T cell_Isolated,0.1700876366754892
90-21775-1C_CD3 T cell_Isolated,CD3 T cell_Isolated,0.03461915083307363
90-526-2M_CD3 T cell_Isolated,CD3 T cell_Isolated,0.031104050478457972
90-8392-1A_CD3 T cell_Isolated,CD3 T cell_Isolated,0.497418748728659
91-19553-2A_CD3 T cell_Isolated,CD3 T cell_Isolated,0.08020767201900697
91-21790-2D_CD3 T cell_Isolated,CD3 T cell_Isolated,0.07228758758119712
91-4045-F_CD3 T cell_Isolated,CD3 T cell_Isolated,0.15225963126369946
92-10570-2E_CD3 T cell_Isolated,CD3 T cell_Isolated,0.2583938122346293
92-16604-B_CD3 T cell_Isolated,CD3 T cell_Isolated,0.32373128831929276
92-20731-A_CD3 T cell_Isolated,CD3 T cell_Isolated,0.6579053276857574
92-28299-1B_CD3 T cell_Isolated,CD3 T cell_Isolated,0.08773014481407324
93-15874-A_CD3 T cell_Isolated,CD3 T cell_Isolated,0.16949106787940194
93-21557-1A_CD3 T cell_Isolated,CD3 T cell_Isolated,0.273961813228221
93-24333-1B_CD3 T cell_Isolated,CD3 T cell_Isolated,0.20668502129037275
93-9531-1A_CD3 T cell_Isolated,CD3 T cell_Isolated,0.19973721108826975
94_CD3 T cell_Isolated,CD3 T cell_Isolated,0.6331651475694444
94-6524-1F_CD3 T cell_Isolated,CD3 T cell_Isolated,0.5556589700080199
94-7523-1B_CD3 T cell_Isolated,CD3 T cell_Isolated,0.13328235064787772
95-12547-3A_CD3 T cell_Isolated,CD3 T cell_Isolated,0.3191447517603833
96-14307-G_CD3 T cell_Isolated,CD3 T cell_Isolated,0.1281223232071361
96-17407-C_CD3 T cell_Isolated,CD3 T cell_Isolated,0.0863334520132112
96-9792-1I_CD3 T cell_Isolated,CD3 T cell_Isolated,0.5823465948113089
97-11719-4D_CD3 T cell_Isolated,CD3 T cell_Isolated,0.19934470616329958
97-15244-1H_CD3 T cell_Isolated,CD3 T cell_Isolated,0.15343380878574728
97-17471-1D_CD3 T cell_Isolated,CD3 T cell_Isolated,0.010099566812334813
97-19088-2K_CD3 T cell_Isolated,CD3 T cell_Isolated,0.015506326526125923
98-10384-2E_CD3 T cell_Isolated,CD3 T cell_Isolated,0.019010872800180253
98-22711-1F_CD3 T cell_Isolated,CD3 T cell_Isolated,0.016949437025920187
98-9915-4O/N_CD3 T cell_Isolated,CD3 T cell_Isolated,0.2436897581649353
99-23192-1B_CD3 T cell_Isolated,CD3 T cell_Isolated,0.07715460935124249
99-3530-2D_CD3 T cell_Isolated,CD3 T cell_Isolated,0.2686749820662126
99-6921-F_CD3 T cell_Isolated,CD3 T cell_Isolated,0.27892015190130104
Apr-64_CD3 T cell_Isolated,CD3 T cell_Isolated,0.32842808681164093
JP-TMA2-1_scene01_CD3 T cell_Isolated,CD3 T cell_Isolated,0.04163998505802825
JP-TMA2-1_scene02_CD3 T cell_Isolated,CD3 T cell_Isolated,0.021093040576767003
JP-TMA2-1_scene03_CD3 T cell_Isolated,CD3 T cell_Isolated,0.009701564489630573
JP-TMA2-1_scene04_CD3 T cell_Isolated,CD3 T cell_Isolated,0.11113192477322913
JP-TMA2-1_scene05_CD3 T cell_Isolated,CD3 T cell_Isolated,0.02739775902131391
JP-TMA2-1_scene06_CD3 T cell_Isolated,CD3 T cell_Isolated,0.13396487186383307
JP-TMA2-1_scene07_CD3 T cell_Isolated,CD3 T cell_Isolated,0.21090672313680078
JP-TMA2-1_scene09_CD3 T cell_Isolated,CD3 T cell_Isolated,0.025280106800301277
JP-TMA2-1_scene10_CD3 T cell_Isolated,CD3 T cell_Isolated,0.02266807409422024
JP-TMA2-1_scene11_CD3 T cell_Isolated,CD3 T cell_Isolated,0.31074653079313125
JP-TMA2-1_scene12_CD3 T cell_Isolated,CD3 T cell_Isolated,0.3314383849662398
JP-TMA2-1_scene13_CD3 T cell_Isolated,CD3 T cell_Isolated,0.06221251986657143
JP-TMA2-1_scene14_CD3 T cell_Isolated,CD3 T cell_Isolated,0.016015497074550595
JP-TMA2-1_scene15_CD3 T cell_Isolated,CD3 T cell_Isolated,0.49236080691269374
JP-TMA2-1_scene17_CD3 T cell_Isolated,CD3 T cell_Isolated,0.2457646808865407
JP-TMA2-1_scene18_CD3 T cell_Isolated,CD3 T cell_Isolated,0.1787321725703714
JP-TMA2-1_scene19_CD3 T cell_Isolated,CD3 T cell_Isolated,0.2818629803454762
JP-TMA2-1_scene20_CD3 T cell_Isolated,CD3 T cell_Isolated,0.013723206988775683
JP-TMA2-1_scene21_CD3 T cell_Isolated,CD3 T cell_Isolated,0.16628157903947807
JP-TMA2-1_scene22_CD3 T cell_Isolated,CD3 T cell_Isolated,0.13805311832777695
JP-TMA2-1_scene23_CD3 T cell_Isolated,CD3 T cell_Isolated,0.010281796957260742
JP-TMA2-1_scene24_CD3 T cell_Isolated,CD3 T cell_Isolated,0.23312727463137956
JP-TMA2-1_scene25_CD3 T cell_Isolated,CD3 T cell_Isolated,0.05748019319073581
JP-TMA2-1_scene26_CD3 T cell_Isolated,CD3 T cell_Isolated,0.0699463485672557
JP-TMA2-1_scene28_CD3 T cell_Isolated,CD3 T cell_Isolated,0.3018492816841383
JP-TMA2-1_scene29_CD3 T cell_Isolated,CD3 T cell_Isolated,0.24924669496526686
JP-TMA2-1_scene30_CD3 T cell_Isolated,CD3 T cell_Isolated,0.04386958579087984
JP-TMA2-1_scene31_CD3 T cell_Isolated,CD3 T cell_Isolated,0.1747940304038627
JP-TMA2-1_scene32_CD3 T cell_Isolated,CD3 T cell_Isolated,0.49987424521874674
JP-TMA2-1_scene33_CD3 T cell_Isolated,CD3 T cell_Isolated,0.008995123882509283
JP-TMA2-1_scene34_CD3 T cell_Isolated,CD3 T cell_Isolated,0.45446513753582846
JP-TMA2-1_scene35_CD3 T cell_Isolated,CD3 T cell_Isolated,0.36109119149297075
JP-TMA2-1_scene36_CD3 T cell_Isolated,CD3 T cell_Isolated,0.02220455724944411
JP-TMA2-1_scene37_CD3 T cell_Isolated,CD3 T cell_Isolated,0.6714126061924911
JP-TMA2-1_scene38_CD3 T cell_Isolated,CD3 T cell_Isolated,0.1125234400483452
JP-TMA2-1_scene39_CD3 T cell_Isolated,CD3 T cell_Isolated,0.3092495432786489
JP-TMA2-1_scene40_CD3 T cell_Isolated,CD3 T cell_Isolated,0.5872740731545693
JP-TMA2-1_scene41_CD3 T cell_Isolated,CD3 T cell_Isolated,0.36079679410949866
JP-TMA2-1_scene42_CD3 T cell_Isolated,CD3 T cell_Isolated,0.204070716174073
M1_CD3 T cell_Isolated,CD3 T cell_Isolated,0.857832766030134
M10_CD3 T cell_Isolated,CD3 T cell_Isolated,0.7938849947971239
M11_CD3 T cell_Isolated,CD3 T cell_Isolated,0.7492294145956117
M12_CD3 T cell_Isolated,CD3 T cell_Isolated,0.880168769643533
M13_CD3 T cell_Isolated,CD3 T cell_Isolated,0.8971166024077966
M14_CD3 T cell_Isolated,CD3 T cell_Isolated,0.785260530984551
M16_CD3 T cell_Isolated,CD3 T cell_Isolated,0.7594169476388198
M17_CD3 T cell_Isolated,CD3 T cell_Isolated,0.8372211816642602
M18_CD3 T cell_Isolated,CD3 T cell_Isolated,0.5065270284250063
M2_CD3 T cell_Isolated,CD3 T cell_Isolated,0.8986271142440757
M20_CD3 T cell_Isolated,CD3 T cell_Isolated,0.755743757684767
M23_CD3 T cell_Isolated,CD3 T cell_Isolated,0.6178542480672448
M25_CD3 T cell_Isolated,CD3 T cell_Isolated,0.42063492063492064
M27_CD3 T cell_Isolated,CD3 T cell_Isolated,0.5710821228098115
M28_CD3 T cell_Isolated,CD3 T cell_Isolated,0.36461724690198816
M29_CD3 T cell_Isolated,CD3 T cell_Isolated,0.7884665787032334
M3_CD3 T cell_Isolated,CD3 T cell_Isolated,0.9092802898259265
M30_CD3 T cell_Isolated,CD3 T cell_Isolated,0.43828268360281003
M32_CD3 T cell_Isolated,CD3 T cell_Isolated,0.78750306011917
M33_CD3 T cell_Isolated,CD3 T cell_Isolated,0.5635915516774892
M34_CD3 T cell_Isolated,CD3 T cell_Isolated,0.5723645652593021
M35_CD3 T cell_Isolated,CD3 T cell_Isolated,0.6956796533838673
M36_CD3 T cell_Isolated,CD3 T cell_Isolated,0.6959746893458706
M37_CD3 T cell_Isolated,CD3 T cell_Isolated,0.8064387260918521
M38_CD3 T cell_Isolated,CD3 T cell_Isolated,0.497428163211058
M39_CD3 T cell_Isolated,CD3 T cell_Isolated,0.7216474141394876
M4_CD3 T cell_Isolated,CD3 T cell_Isolated,0.8571544217396901
M40_CD3 T cell_Isolated,CD3 T cell_Isolated,0.6824231488290488
M41_CD3 T cell_Isolated,CD3 T cell_Isolated,0.7348147906826347
M5_CD3 T cell_Isolated,CD3 T cell_Isolated,0.8076991429157124
M6_CD3 T cell_Isolated,CD3 T cell_Isolated,0.821806308080844
M9_CD3 T cell_Isolated,CD3 T cell_Isolated,0.8647954965071858
S97-19800-C_CD3 T cell_Isolated,CD3 T cell_Isolated,0.045173975150341106
S99-18421-D_CD3 T cell_Isolated,CD3 T cell_Isolated,0.05006057867628641
Z1_CD3 T cell_Isolated,CD3 T cell_Isolated,
Z12_CD3 T cell_Isolated,CD3 T cell_Isolated,0.7800639725980053
Z13_CD3 T cell_Isolated,CD3 T cell_Isolated,0.6073083986477006
Z19_CD3 T cell_Isolated,CD3 T cell_Isolated,0.7412376127918553
Z2_CD3 T cell_Isolated,CD3 T cell_Isolated,
Z21_CD3 T cell_Isolated,CD3 T cell_Isolated,0.5817305485606139
Z22_CD3 T cell_Isolated,CD3 T cell_Isolated,0.6474517164463647
Z25_CD3 T cell_Isolated,CD3 T cell_Isolated,0.6173534107600691
Z26_CD3 T cell_Isolated,CD3 T cell_Isolated,
Z27_CD3 T cell_Isolated,CD3 T cell_Isolated,0.7291223801093204
Z28_CD3 T cell_Isolated,CD3 T cell_Isolated,0.7152748888400985
Z29_CD3 T cell_Isolated,CD3 T cell_Isolated,0.30015432098765427
Z30_CD3 T cell_Isolated,CD3 T cell_Isolated,0.4059082892416226
Z31_CD3 T cell_Isolated,CD3 T cell_Isolated,0.7003985815487438
Z32_CD3 T cell_Isolated,CD3 T cell_Isolated,0.28887254901960785
Z33_CD3 T cell_Isolated,CD3 T cell_Isolated,0.7162713873428159
Z35_CD3 T cell_Isolated,CD3 T cell_Isolated,0.8547970223893168
Z39_CD3 T cell_Isolated,CD3 T cell_Isolated,0.6013774104683196
Z40_CD3 T cell_Isolated,CD3 T cell_Isolated,0.5830039753744298
Z43_CD3 T cell_Isolated,CD3 T cell_Isolated,
Z44_CD3 T cell_Isolated,CD3 T cell_Isolated,0.5437068351228015
Z46_CD3 T cell_Isolated,CD3 T cell_Isolated,0.5654883116883117
Z47_CD3 T cell_Isolated,CD3 T cell_Isolated,0.6905025743067991
Z48_CD3 T cell_Isolated,CD3 T cell_Isolated,0.835263420645525
Z49_CD3 T cell_Isolated,CD3 T cell_Isolated,0.6673260049016061
Z50_CD3 T cell_Isolated,CD3 T cell_Isolated,
Z51_CD3 T cell_Isolated,CD3 T cell_Isolated,0.6822250371671067
Z52_CD3 T cell_Isolated,CD3 T cell_Isolated,0.7563180272337588
Z54_CD3 T cell_Isolated,CD3 T cell_Isolated,0.7048239930892992
Z55_CD3 T cell_Isolated,CD3 T cell_Isolated,0.6414489627439123
Z56_CD3 T cell_Isolated,CD3 T cell_Isolated,0.7497487143836503
Z57_CD3 T cell_Isolated,CD3 T cell_Isolated,0.6815709793185417
Z59_CD3 T cell_Isolated,CD3 T cell_Isolated,0.8580073664383151
Z6_CD3 T cell_Isolated,CD3 T cell_Isolated,0.5623609723290337
Z60_CD3 T cell_Isolated,CD3 T cell_Isolated,0.8138400027511362
Z61_CD3 T cell_Isolated,CD3 T cell_Isolated,0.1842105263157895
Z62_CD3 T cell_Isolated,CD3 T cell_Isolated,0.6782038637258122
Z65_CD3 T cell_Isolated,CD3 T cell_Isolated,
Z66_CD3 T cell_Isolated,CD3 T cell_Isolated,0.5252901030588654
Z69_CD3 T cell_Isolated,CD3 T cell_Isolated,0.5495992872959923
Z70_CD3 T cell_Isolated,CD3 T cell_Isolated,0.6312690593478771
Z72_CD3 T cell_Isolated,CD3 T cell_Isolated,0.751382714234968
Z8_CD3 T cell_Isolated,CD3 T cell_Isolated,0.6972562931049987
Z9_CD3 T cell_Isolated,CD3 T cell_Isolated,0.7373615966102971
00-13520-8C_CD3 T cell_Clustered,CD3 T cell_Clustered,0.01076203845519374
01-16333-3D_CD3 T cell_Clustered,CD3 T cell_Clustered,0.20384256193263772
01-20792-3H_CD3 T cell_Clustered,CD3 T cell_Clustered,0.19398849564757545
01-22975-1E_CD3 T cell_Clustered,CD3 T cell_Clustered,0.21776275690846394
02-9184-3G_CD3 T cell_Clustered,CD3 T cell_Clustered,0.20479226423983746
107_CD3 T cell_Clustered,CD3 T cell_Clustered,0.332830528633839
11_CD3 T cell_Clustered,CD3 T cell_Clustered,0.4157649381655091
116_CD3 T cell_Clustered,CD3 T cell_Clustered,0.4907893986303981
134_CD3 T cell_Clustered,CD3 T cell_Clustered,0.21573391827131583
137_CD3 T cell_Clustered,CD3 T cell_Clustered,0.1640455740900521
14_CD3 T cell_Clustered,CD3 T cell_Clustered,0.2204063794332879
144_CD3 T cell_Clustered,CD3 T cell_Clustered,0.5085076612902737
145_CD3 T cell_Clustered,CD3 T cell_Clustered,0.17438558979147212
148_CD3 T cell_Clustered,CD3 T cell_Clustered,0.31712660043126195
15_CD3 T cell_Clustered,CD3 T cell_Clustered,0.472478092689961
151_CD3 T cell_Clustered,CD3 T cell_Clustered,0.3357515863765864
155_CD3 T cell_Clustered,CD3 T cell_Clustered,0.37663227513227515
165_CD3 T cell_Clustered,CD3 T cell_Clustered,0.439047619047619
179_CD3 T cell_Clustered,CD3 T cell_Clustered,0.36233036825435483
180_CD3 T cell_Clustered,CD3 T cell_Clustered,0.09687500564609444
183_CD3 T cell_Clustered,CD3 T cell_Clustered,0.11577925828383798
184_CD3 T cell_Clustered,CD3 T cell_Clustered,0.5991545383008567
186_CD3 T cell_Clustered,CD3 T cell_Clustered,0.5946427870913374
190_CD3 T cell_Clustered,CD3 T cell_Clustered,0.3229339884101789
193_CD3 T cell_Clustered,CD3 T cell_Clustered,0.12255831845744125
217_CD3 T cell_Clustered,CD3 T cell_Clustered,0.20562066049520378
224_CD3 T cell_Clustered,CD3 T cell_Clustered,0.36458889741794154
242_CD3 T cell_Clustered,CD3 T cell_Clustered,0.08938680584171452
261_CD3 T cell_Clustered,CD3 T cell_Clustered,0.45030675741025206
270_CD3 T cell_Clustered,CD3 T cell_Clustered,0.21501694768361435
33_CD3 T cell_Clustered,CD3 T cell_Clustered,0.4004486159020433
43_CD3 T cell_Clustered,CD3 T cell_Clustered,0.11251870797630228
58_CD3 T cell_Clustered,CD3 T cell_Clustered,0.11939478300716497
64_CD3 T cell_Clustered,CD3 T cell_Clustered,0.2919749735558559
67_CD3 T cell_Clustered,CD3 T cell_Clustered,0.539520171957672
70_CD3 T cell_Clustered,CD3 T cell_Clustered,0.4026197490780824
75_CD3 T cell_Clustered,CD3 T cell_Clustered,0.554655612244898
82_CD3 T cell_Clustered,CD3 T cell_Clustered,0.35282194657194665
83_CD3 T cell_Clustered,CD3 T cell_Clustered,0.49321464542526083
90-13787-A_CD3 T cell_Clustered,CD3 T cell_Clustered,0.04591015572506193
90-8392-1A_CD3 T cell_Clustered,CD3 T cell_Clustered,0.1508216405398886
91-4045-F_CD3 T cell_Clustered,CD3 T cell_Clustered,0.005435650569146034
92-10570-2E_CD3 T cell_Clustered,CD3 T cell_Clustered,0.06208289405650644
92-16604-B_CD3 T cell_Clustered,CD3 T cell_Clustered,0.10093769155567239
92-20731-A_CD3 T cell_Clustered,CD3 T cell_Clustered,0.1892215218847681
92-28299-1B_CD3 T cell_Clustered,CD3 T cell_Clustered,0.018187099855408555
93-15874-A_CD3 T cell_Clustered,CD3 T cell_Clustered,0.013210667367486058
93-21557-1A_CD3 T cell_Clustered,CD3 T cell_Clustered,0.10632858342202461
93-24333-1B_CD3 T cell_Clustered,CD3 T cell_Clustered,0.2025499527005457
93-9531-1A_CD3 T cell_Clustered,CD3 T cell_Clustered,0.05448229338557384
94-6524-1F_CD3 T cell_Clustered,CD3 T cell_Clustered,0.4023998972006669
94-7523-1B_CD3 T cell_Clustered,CD3 T cell_Clustered,0.00924306740941985
95-12547-3A_CD3 T cell_Clustered,CD3 T cell_Clustered,0.09532161338321375
96-17407-C_CD3 T cell_Clustered,CD3 T cell_Clustered,0.05433363869693667
96-9792-1I_CD3 T cell_Clustered,CD3 T cell_Clustered,0.19459097643551604
97-11719-4D_CD3 T cell_Clustered,CD3 T cell_Clustered,0.05847050732163761
97-15244-1H_CD3 T cell_Clustered,CD3 T cell_Clustered,0.10515980833316269
98-9915-4O/N_CD3 T cell_Clustered,CD3 T cell_Clustered,0.10515925743490152
99-23192-1B_CD3 T cell_Clustered,CD3 T cell_Clustered,0.01777824026780781
99-3530-2D_CD3 T cell_Clustered,CD3 T cell_Clustered,0.2550899419458608
Apr-64_CD3 T cell_Clustered,CD3 T cell_Clustered,0.05236825280834731
JP-TMA2-1_scene06_CD3 T cell_Clustered,CD3 T cell_Clustered,0.009684671319358407
JP-TMA2-1_scene07_CD3 T cell_Clustered,CD3 T cell_Clustered,0.07170252634474185
JP-TMA2-1_scene11_CD3 T cell_Clustered,CD3 T cell_Clustered,0.03566583496295831
JP-TMA2-1_scene12_CD3 T cell_Clustered,CD3 T cell_Clustered,0.07950888645244358
JP-TMA2-1_scene13_CD3 T cell_Clustered,CD3 T cell_Clustered,0.009192829314998117
JP-TMA2-1_scene15_CD3 T cell_Clustered,CD3 T cell_Clustered,0.19583254533858693
JP-TMA2-1_scene17_CD3 T cell_Clustered,CD3 T cell_Clustered,0.1246968543962933
JP-TMA2-1_scene18_CD3 T cell_Clustered,CD3 T cell_Clustered,0.005506432669198273
JP-TMA2-1_scene19_CD3 T cell_Clustered,CD3 T cell_Clustered,0.03526995233216161
JP-TMA2-1_scene21_CD3 T cell_Clustered,CD3 T cell_Clustered,0.05051081809117232
JP-TMA2-1_scene22_CD3 T cell_Clustered,CD3 T cell_Clustered,0.030943581075777875
JP-TMA2-1_scene24_CD3 T cell_Clustered,CD3 T cell_Clustered,0.04282150026097214
JP-TMA2-1_scene25_CD3 T cell_Clustered,CD3 T cell_Clustered,0.005536908962814236
JP-TMA2-1_scene26_CD3 T cell_Clustered,CD3 T cell_Clustered,0.01610206611053268
JP-TMA2-1_scene28_CD3 T cell_Clustered,CD3 T cell_Clustered,0.1648059693518986
JP-TMA2-1_scene31_CD3 T cell_Clustered,CD3 T cell_Clustered,0.06067521671285346
JP-TMA2-1_scene32_CD3 T cell_Clustered,CD3 T cell_Clustered,0.18446456942927708
JP-TMA2-1_scene34_CD3 T cell_Clustered,CD3 T cell_Clustered,0.2105031585361888
JP-TMA2-1_scene35_CD3 T cell_Clustered,CD3 T cell_Clustered,0.16676412590216533
JP-TMA2-1_scene37_CD3 T cell_Clustered,CD3 T cell_Clustered,0.23602937995486709
JP-TMA2-1_scene39_CD3 T cell_Clustered,CD3 T cell_Clustered,0.23358162708733937
JP-TMA2-1_scene40_CD3 T cell_Clustered,CD3 T cell_Clustered,0.3002884492958022
JP-TMA2-1_scene41_CD3 T cell_Clustered,CD3 T cell_Clustered,0.09381424835030575
M1_CD3 T cell_Clustered,CD3 T cell_Clustered,0.5598612073539914
M10_CD3 T cell_Clustered,CD3 T cell_Clustered,0.14300797721365108
M12_CD3 T cell_Clustered,CD3 T cell_Clustered,0.5827321977066641
M13_CD3 T cell_Clustered,CD3 T cell_Clustered,0.8520123161251613
M14_CD3 T cell_Clustered,CD3 T cell_Clustered,0.19880931133126156
M16_CD3 T cell_Clustered,CD3 T cell_Clustered,0.8599874772375516
M17_CD3 T cell_Clustered,CD3 T cell_Clustered,0.7620669891864436
M2_CD3 T cell_Clustered,CD3 T cell_Clustered,0.6555986652406028
M20_CD3 T cell_Clustered,CD3 T cell_Clustered,0.1564603092012486
M23_CD3 T cell_Clustered,CD3 T cell_Clustered,0.21002905070788763
M28_CD3 T cell_Clustered,CD3 T cell_Clustered,0.6379357044804792
M29_CD3 T cell_Clustered,CD3 T cell_Clustered,0.495072561250562
M3_CD3 T cell_Clustered,CD3 T cell_Clustered,0.8865932211946251
M30_CD3 T cell_Clustered,CD3 T cell_Clustered,0.8502412634920334
M32_CD3 T cell_Clustered,CD3 T cell_Clustered,0.29398476659778217
M35_CD3 T cell_Clustered,CD3 T cell_Clustered,0.7753966839793561
M36_CD3 T cell_Clustered,CD3 T cell_Clustered,0.12411325505023862
M37_CD3 T cell_Clustered,CD3 T cell_Clustered,0.5305864153520186
M39_CD3 T cell_Clustered,CD3 T cell_Clustered,0.18887937196380628
M4_CD3 T cell_Clustered,CD3 T cell_Clustered,0.5778766173693883
M40_CD3 T cell_Clustered,CD3 T cell_Clustered,0.4521014739222339
M41_CD3 T cell_Clustered,CD3 T cell_Clustered,0.267264243863016
M5_CD3 T cell_Clustered,CD3 T cell_Clustered,0.7908758696093396
M6_CD3 T cell_Clustered,CD3 T cell_Clustered,0.8616271344245029
M9_CD3 T cell_Clustered,CD3 T cell_Clustered,0.6118992831132035
Z12_CD3 T cell_Clustered,CD3 T cell_Clustered,0.3883539173245055
Z13_CD3 T cell_Clustered,CD3 T cell_Clustered,0.1390830323522631
Z19_CD3 T cell_Clustered,CD3 T cell_Clustered,0.699360287684705
Z21_CD3 T cell_Clustered,CD3 T cell_Clustered,0.19424981739796554
Z22_CD3 T cell_Clustered,CD3 T cell_Clustered,0.59220469721582
Z25_CD3 T cell_Clustered,CD3 T cell_Clustered,0.48306365499347953
Z27_CD3 T cell_Clustered,CD3 T cell_Clustered,0.6597608960107012
Z28_CD3 T cell_Clustered,CD3 T cell_Clustered,0.7232652627299223
Z31_CD3 T cell_Clustered,CD3 T cell_Clustered,0.2906003505231326
Z33_CD3 T cell_Clustered,CD3 T cell_Clustered,0.7058775624728005
Z35_CD3 T cell_Clustered,CD3 T cell_Clustered,0.4156709957665181
Z40_CD3 T cell_Clustered,CD3 T cell_Clustered,0.48724593285547124
Z47_CD3 T cell_Clustered,CD3 T cell_Clustered,0.601659594877793
Z48_CD3 T cell_Clustered,CD3 T cell_Clustered,0.7670543414448857
Z49_CD3 T cell_Clustered,CD3 T cell_Clustered,0.4391973343009468
Z52_CD3 T cell_Clustered,CD3 T cell_Clustered,0.7234284405381973
Z56_CD3 T cell_Clustered,CD3 T cell_Clustered,0.31316051643230775
Z57_CD3 T cell_Clustered,CD3 T cell_Clustered,0.521310842240818
Z59_CD3 T cell_Clustered,CD3 T cell_Clustered,0.7581030394972885
Z6_CD3 T cell_Clustered,CD3 T cell_Clustered,0.4591704381477109
Z60_CD3 T cell_Clustered,CD3 T cell_Clustered,0.6790897662454225
Z66_CD3 T cell_Clustered,CD3 T cell_Clustered,0.7487933268545514
Z72_CD3 T cell_Clustered,CD3 T cell_Clustered,0.40267711756427116
Z8_CD3 T cell_Clustered,CD3 T cell_Clustered,0.3853066078766942
Z9_CD3 T cell_Clustered,CD3 T cell_Clustered,0.43922525224792086
00-13520-8C_CD3 T cell_All,CD3 T cell_All,0.0377097403036276
00-18339-2E_CD3 T cell_All,CD3 T cell_All,0.01136114426352592
00-25691-4E_CD3 T cell_All,CD3 T cell_All,0.037518631980645194
00-8939-2D_CD3 T cell_All,CD3 T cell_All,0.006965430645556806
01-16333-3D_CD3 T cell_All,CD3 T cell_All,0.26430256153374776
01-20792-3H_CD3 T cell_All,CD3 T cell_All,0.07757282444164448
01-22975-1E_CD3 T cell_All,CD3 T cell_All,0.3053662352502511
01-24001-1O_CD3 T cell_All,CD3 T cell_All,0.013907609429026158
01-5730-4A_CD3 T cell_All,CD3 T cell_All,0.03859851801371943
02-5218-4K_CD3 T cell_All,CD3 T cell_All,0.04620600373263795
02-9184-3G_CD3 T cell_All,CD3 T cell_All,0.3101379455488281
05-15168-7B_CD3 T cell_All,CD3 T cell_All,0.16169580493392924
1_CD3 T cell_All,CD3 T cell_All,0.5073720391651032
100_CD3 T cell_All,CD3 T cell_All,0.18022069801113916
106_CD3 T cell_All,CD3 T cell_All,0.5302638067061144
107_CD3 T cell_All,CD3 T cell_All,0.5942625961481695
11_CD3 T cell_All,CD3 T cell_All,0.5669365778709561
110_CD3 T cell_All,CD3 T cell_All,0.31963455746183245
115_CD3 T cell_All,CD3 T cell_All,0.6492834499289417
116_CD3 T cell_All,CD3 T cell_All,0.5896605056528852
12_CD3 T cell_All,CD3 T cell_All,0.5847598893958543
121_CD3 T cell_All,CD3 T cell_All,0.3555555555555555
125_CD3 T cell_All,CD3 T cell_All,0.29650297619047616
133_CD3 T cell_All,CD3 T cell_All,0.44840706021740917
134_CD3 T cell_All,CD3 T cell_All,0.38385916222135497
136_CD3 T cell_All,CD3 T cell_All,0.5248154783907855
137_CD3 T cell_All,CD3 T cell_All,0.3888902322975015
14_CD3 T cell_All,CD3 T cell_All,0.4457056944630925
144_CD3 T cell_All,CD3 T cell_All,0.5883787604407248
145_CD3 T cell_All,CD3 T cell_All,0.3995545673825086
148_CD3 T cell_All,CD3 T cell_All,0.4842892182657027
15_CD3 T cell_All,CD3 T cell_All,0.6030044893911867
151_CD3 T cell_All,CD3 T cell_All,0.546369463869464
155_CD3 T cell_All,CD3 T cell_All,0.4311111459203565
157_CD3 T cell_All,CD3 T cell_All,0.1218482905982906
159_CD3 T cell_All,CD3 T cell_All,0.3166535301828373
160_CD3 T cell_All,CD3 T cell_All,
161_CD3 T cell_All,CD3 T cell_All,0.525462962962963
163_CD3 T cell_All,CD3 T cell_All,0.27934491978609627
165_CD3 T cell_All,CD3 T cell_All,0.5238095238095237
168_CD3 T cell_All,CD3 T cell_All,0.4163804303772791
178_CD3 T cell_All,CD3 T cell_All,0.03703626799557032
179_CD3 T cell_All,CD3 T cell_All,0.544072431660149
180_CD3 T cell_All,CD3 T cell_All,0.23445042275777145
183_CD3 T cell_All,CD3 T cell_All,0.11579197963535436
184_CD3 T cell_All,CD3 T cell_All,0.6671946540411241
186_CD3 T cell_All,CD3 T cell_All,0.6968029208162444
190_CD3 T cell_All,CD3 T cell_All,0.47720143613000765
191_CD3 T cell_All,CD3 T cell_All,0.5940776979012273
192_CD3 T cell_All,CD3 T cell_All,
193_CD3 T cell_All,CD3 T cell_All,0.37250271489306575
196_CD3 T cell_All,CD3 T cell_All,0.3860173768581507
198_CD3 T cell_All,CD3 T cell_All,0.4792159763313609
2_CD3 T cell_All,CD3 T cell_All,0.39043862108185035
200_CD3 T cell_All,CD3 T cell_All,0.5640248321272183
201_CD3 T cell_All,CD3 T cell_All,0.47916666666666663
206_CD3 T cell_All,CD3 T cell_All,0.6250927643784787
21_CD3 T cell_All,CD3 T cell_All,0.5446544233057391
211_CD3 T cell_All,CD3 T cell_All,0.3806219919324778
216_CD3 T cell_All,CD3 T cell_All,0.584167442824938
217_CD3 T cell_All,CD3 T cell_All,0.40652411321760307
222_CD3 T cell_All,CD3 T cell_All,0.38602977765180146
224_CD3 T cell_All,CD3 T cell_All,0.4394553855730326
227_CD3 T cell_All,CD3 T cell_All,0.2703224931355114
23_CD3 T cell_All,CD3 T cell_All,0.5697543861581181
230_CD3 T cell_All,CD3 T cell_All,0.5925925925925926
233_CD3 T cell_All,CD3 T cell_All,0.5178991828810378
237_CD3 T cell_All,CD3 T cell_All,0.1865079365079365
238_CD3 T cell_All,CD3 T cell_All,0.5796938257381805
242_CD3 T cell_All,CD3 T cell_All,0.3258492048708943
245_CD3 T cell_All,CD3 T cell_All,0.5774856988753625
252_CD3 T cell_All,CD3 T cell_All,0.25015570168876317
257_CD3 T cell_All,CD3 T cell_All,0.2611111111111111
259_CD3 T cell_All,CD3 T cell_All,0.5521008894287809
261_CD3 T cell_All,CD3 T cell_All,0.5656080922512373
270_CD3 T cell_All,CD3 T cell_All,0.36803799108404367
276_CD3 T cell_All,CD3 T cell_All,0.44187124707764247
28_CD3 T cell_All,CD3 T cell_All,0.32822842546980474
283_CD3 T cell_All,CD3 T cell_All,0.5431643852299478
284_CD3 T cell_All,CD3 T cell_All,0.5854005422187241
3_CD3 T cell_All,CD3 T cell_All,
33_CD3 T cell_All,CD3 T cell_All,0.5398498490500814
40_CD3 T cell_All,CD3 T cell_All,0.546875
43_CD3 T cell_All,CD3 T cell_All,0.40935180763338413
46_CD3 T cell_All,CD3 T cell_All,0.47381972789115645
47_CD3 T cell_All,CD3 T cell_All,
50_CD3 T cell_All,CD3 T cell_All,0.5889983164983166
56_CD3 T cell_All,CD3 T cell_All,0.42557441683830577
57_CD3 T cell_All,CD3 T cell_All,
58_CD3 T cell_All,CD3 T cell_All,0.2921696814285025
64_CD3 T cell_All,CD3 T cell_All,0.47385795066861236
67_CD3 T cell_All,CD3 T cell_All,0.6597524526014109
70_CD3 T cell_All,CD3 T cell_All,0.5511551026134359
73_CD3 T cell_All,CD3 T cell_All,0.6802090257700126
75_CD3 T cell_All,CD3 T cell_All,0.570280612244898
77_CD3 T cell_All,CD3 T cell_All,0.23075810185185186
82_CD3 T cell_All,CD3 T cell_All,0.5153064450981117
83_CD3 T cell_All,CD3 T cell_All,0.6197381479662643
84_CD3 T cell_All,CD3 T cell_All,0.5321804921804922
90-13787-A_CD3 T cell_All,CD3 T cell_All,0.10799889620027557
90-21775-1C_CD3 T cell_All,CD3 T cell_All,0.03461915083307363
90-526-2M_CD3 T cell_All,CD3 T cell_All,0.031104050478457972
90-8392-1A_CD3 T cell_All,CD3 T cell_All,0.32412019463427383
91-19553-2A_CD3 T cell_All,CD3 T cell_All,0.08020767201900697
91-21790-2D_CD3 T cell_All,CD3 T cell_All,0.07228758758119712
91-4045-F_CD3 T cell_All,CD3 T cell_All,0.07884764091642275
92-10570-2E_CD3 T cell_All,CD3 T cell_All,0.16023835314556786
92-16604-B_CD3 T cell_All,CD3 T cell_All,0.22491078377225832
92-20731-A_CD3 T cell_All,CD3 T cell_All,0.42356342478526277
92-28299-1B_CD3 T cell_All,CD3 T cell_All,0.060891623534411105
93-15874-A_CD3 T cell_All,CD3 T cell_All,0.13361219958785664
93-21557-1A_CD3 T cell_All,CD3 T cell_All,0.1901451983251228
93-24333-1B_CD3 T cell_All,CD3 T cell_All,0.20503437012864514
93-9531-1A_CD3 T cell_All,CD3 T cell_All,0.1271097522369218
94_CD3 T cell_All,CD3 T cell_All,0.6331651475694444
94-6524-1F_CD3 T cell_All,CD3 T cell_All,0.4790294336043434
94-7523-1B_CD3 T cell_All,CD3 T cell_All,0.07126270902864879
95-12547-3A_CD3 T cell_All,CD3 T cell_All,0.20723318257179854
96-14307-G_CD3 T cell_All,CD3 T cell_All,0.1281223232071361
96-17407-C_CD3 T cell_All,CD3 T cell_All,0.08069882698447084
96-9792-1I_CD3 T cell_All,CD3 T cell_All,0.3884687856234125
97-11719-4D_CD3 T cell_All,CD3 T cell_All,0.1543192555218713
97-15244-1H_CD3 T cell_All,CD3 T cell_All,0.129296808559455
97-17471-1D_CD3 T cell_All,CD3 T cell_All,0.010099566812334813
97-19088-2K_CD3 T cell_All,CD3 T cell_All,0.015506326526125923
98-10384-2E_CD3 T cell_All,CD3 T cell_All,0.019010872800180253
98-22711-1F_CD3 T cell_All,CD3 T cell_All,0.016949437025920187
98-9915-4O/N_CD3 T cell_All,CD3 T cell_All,0.17442450779991836
99-23192-1B_CD3 T cell_All,CD3 T cell_All,0.04746642480952515
99-3530-2D_CD3 T cell_All,CD3 T cell_All,0.2618824620060367
99-6921-F_CD3 T cell_All,CD3 T cell_All,0.27892015190130104
Apr-64_CD3 T cell_All,CD3 T cell_All,0.19039816980999413
JP-TMA2-1_scene01_CD3 T cell_All,CD3 T cell_All,0.04163998505802825
JP-TMA2-1_scene02_CD3 T cell_All,CD3 T cell_All,0.021093040576767003
JP-TMA2-1_scene03_CD3 T cell_All,CD3 T cell_All,0.009701564489630573
JP-TMA2-1_scene04_CD3 T cell_All,CD3 T cell_All,0.11113192477322913
JP-TMA2-1_scene05_CD3 T cell_All,CD3 T cell_All,0.02739775902131391
JP-TMA2-1_scene06_CD3 T cell_All,CD3 T cell_All,0.07182477159159573
JP-TMA2-1_scene07_CD3 T cell_All,CD3 T cell_All,0.14130462474077132
JP-TMA2-1_scene09_CD3 T cell_All,CD3 T cell_All,0.025280106800301277
JP-TMA2-1_scene10_CD3 T cell_All,CD3 T cell_All,0.02266807409422024
JP-TMA2-1_scene11_CD3 T cell_All,CD3 T cell_All,0.17320618287804476
JP-TMA2-1_scene12_CD3 T cell_All,CD3 T cell_All,0.20547363570934166
JP-TMA2-1_scene13_CD3 T cell_All,CD3 T cell_All,0.03570267459078477
JP-TMA2-1_scene14_CD3 T cell_All,CD3 T cell_All,0.016015497074550595
JP-TMA2-1_scene15_CD3 T cell_All,CD3 T cell_All,0.3440966761256402
JP-TMA2-1_scene17_CD3 T cell_All,CD3 T cell_All,0.18523076764141697
JP-TMA2-1_scene18_CD3 T cell_All,CD3 T cell_All,0.09211930261978485
JP-TMA2-1_scene19_CD3 T cell_All,CD3 T cell_All,0.1585664663388189
JP-TMA2-1_scene20_CD3 T cell_All,CD3 T cell_All,0.013723206988775683
JP-TMA2-1_scene21_CD3 T cell_All,CD3 T cell_All,0.10839619856532516
JP-TMA2-1_scene22_CD3 T cell_All,CD3 T cell_All,0.0844983497017774
JP-TMA2-1_scene23_CD3 T cell_All,CD3 T cell_All,0.010281796957260742
JP-TMA2-1_scene24_CD3 T cell_All,CD3 T cell_All,0.13797438744617585
JP-TMA2-1_scene25_CD3 T cell_All,CD3 T cell_All,0.03150855107677502
JP-TMA2-1_scene26_CD3 T cell_All,CD3 T cell_All,0.043024207338894185
JP-TMA2-1_scene28_CD3 T cell_All,CD3 T cell_All,0.23332762551801844
JP-TMA2-1_scene29_CD3 T cell_All,CD3 T cell_All,0.24924669496526686
JP-TMA2-1_scene30_CD3 T cell_All,CD3 T cell_All,0.04386958579087984
JP-TMA2-1_scene31_CD3 T cell_All,CD3 T cell_All,0.11773462355835812
JP-TMA2-1_scene32_CD3 T cell_All,CD3 T cell_All,0.34216940732401185
JP-TMA2-1_scene33_CD3 T cell_All,CD3 T cell_All,0.008995123882509283
JP-TMA2-1_scene34_CD3 T cell_All,CD3 T cell_All,0.3324841480360087
JP-TMA2-1_scene35_CD3 T cell_All,CD3 T cell_All,0.26392765869756807
JP-TMA2-1_scene36_CD3 T cell_All,CD3 T cell_All,0.02220455724944411
JP-TMA2-1_scene37_CD3 T cell_All,CD3 T cell_All,0.453720993073679
JP-TMA2-1_scene38_CD3 T cell_All,CD3 T cell_All,0.1125234400483452
JP-TMA2-1_scene39_CD3 T cell_All,CD3 T cell_All,0.27141558518299413
JP-TMA2-1_scene40_CD3 T cell_All,CD3 T cell_All,0.44378126122518574
JP-TMA2-1_scene41_CD3 T cell_All,CD3 T cell_All,0.22730552122990222
JP-TMA2-1_scene42_CD3 T cell_All,CD3 T cell_All,0.204070716174073
M1_CD3 T cell_All,CD3 T cell_All,0.7088469866920627
M10_CD3 T cell_All,CD3 T cell_All,0.46844648600538763
M11_CD3 T cell_All,CD3 T cell_All,0.7492294145956117
M12_CD3 T cell_All,CD3 T cell_All,0.7314504836750986
M13_CD3 T cell_All,CD3 T cell_All,0.874564459266479
M14_CD3 T cell_All,CD3 T cell_All,0.49203492115790637
M16_CD3 T cell_All,CD3 T cell_All,0.8097022124381857
M17_CD3 T cell_All,CD3 T cell_All,0.7996440854253519
M18_CD3 T cell_All,CD3 T cell_All,0.5065270284250063
M2_CD3 T cell_All,CD3 T cell_All,0.7771128897423393
M20_CD3 T cell_All,CD3 T cell_All,0.4561020334430079
M23_CD3 T cell_All,CD3 T cell_All,0.41394164938756617
M25_CD3 T cell_All,CD3 T cell_All,0.42063492063492064
M27_CD3 T cell_All,CD3 T cell_All,0.5710821228098115
M28_CD3 T cell_All,CD3 T cell_All,0.5012764756912337
M29_CD3 T cell_All,CD3 T cell_All,0.6417695699768976
M3_CD3 T cell_All,CD3 T cell_All,0.8979367555102759
M30_CD3 T cell_All,CD3 T cell_All,0.6442619735474219
M32_CD3 T cell_All,CD3 T cell_All,0.5407439133584762
M33_CD3 T cell_All,CD3 T cell_All,0.5635915516774892
M34_CD3 T cell_All,CD3 T cell_All,0.5723645652593021
M35_CD3 T cell_All,CD3 T cell_All,0.7355381686816117
M36_CD3 T cell_All,CD3 T cell_All,0.41004397219805455
M37_CD3 T cell_All,CD3 T cell_All,0.6685125707219354
M38_CD3 T cell_All,CD3 T cell_All,0.497428163211058
M39_CD3 T cell_All,CD3 T cell_All,0.4552633930516471
M4_CD3 T cell_All,CD3 T cell_All,0.7175155195545392
M40_CD3 T cell_All,CD3 T cell_All,0.5672623113756412
M41_CD3 T cell_All,CD3 T cell_All,0.5010395172728255
M5_CD3 T cell_All,CD3 T cell_All,0.799287506262526
M6_CD3 T cell_All,CD3 T cell_All,0.8417167212526734
M9_CD3 T cell_All,CD3 T cell_All,0.7383473898101947
S97-19800-C_CD3 T cell_All,CD3 T cell_All,0.045173975150341106
S99-18421-D_CD3 T cell_All,CD3 T cell_All,0.05006057867628641
Z1_CD3 T cell_All,CD3 T cell_All,
Z12_CD3 T cell_All,CD3 T cell_All,0.5855873294929808
Z13_CD3 T cell_All,CD3 T cell_All,0.6006955565787208
Z19_CD3 T cell_All,CD3 T cell_All,0.7230573762852212
Z2_CD3 T cell_All,CD3 T cell_All,
Z21_CD3 T cell_All,CD3 T cell_All,0.4429851154252026
Z22_CD3 T cell_All,CD3 T cell_All,0.62879397306913
Z25_CD3 T cell_All,CD3 T cell_All,0.5730545847196249
Z26_CD3 T cell_All,CD3 T cell_All,
Z27_CD3 T cell_All,CD3 T cell_All,0.7013935436451458
Z28_CD3 T cell_All,CD3 T cell_All,0.7188480895595415
Z29_CD3 T cell_All,CD3 T cell_All,0.30015432098765427
Z30_CD3 T cell_All,CD3 T cell_All,0.4059082892416226
Z31_CD3 T cell_All,CD3 T cell_All,0.5255589840706245
Z32_CD3 T cell_All,CD3 T cell_All,0.28887254901960785
Z33_CD3 T cell_All,CD3 T cell_All,0.7110744749078083
Z35_CD3 T cell_All,CD3 T cell_All,0.6352340090779176
Z39_CD3 T cell_All,CD3 T cell_All,0.6013774104683196
Z40_CD3 T cell_All,CD3 T cell_All,0.5547124696395133
Z43_CD3 T cell_All,CD3 T cell_All,
Z44_CD3 T cell_All,CD3 T cell_All,0.5437068351228015
Z46_CD3 T cell_All,CD3 T cell_All,0.5654883116883117
Z47_CD3 T cell_All,CD3 T cell_All,0.6567217023420419
Z48_CD3 T cell_All,CD3 T cell_All,0.8029526073203556
Z49_CD3 T cell_All,CD3 T cell_All,0.5913597151540422
Z50_CD3 T cell_All,CD3 T cell_All,
Z51_CD3 T cell_All,CD3 T cell_All,0.6822250371671067
Z52_CD3 T cell_All,CD3 T cell_All,0.743924042532547
Z54_CD3 T cell_All,CD3 T cell_All,0.7048239930892992
Z55_CD3 T cell_All,CD3 T cell_All,0.6414489627439123
Z56_CD3 T cell_All,CD3 T cell_All,0.5314546154079791
Z57_CD3 T cell_All,CD3 T cell_All,0.618497116905924
Z59_CD3 T cell_All,CD3 T cell_All,0.8080552029678018
Z6_CD3 T cell_All,CD3 T cell_All,0.5154930350539118
Z60_CD3 T cell_All,CD3 T cell_All,0.7464648844982794
Z61_CD3 T cell_All,CD3 T cell_All,0.1842105263157895
Z62_CD3 T cell_All,CD3 T cell_All,0.6782038637258122
Z65_CD3 T cell_All,CD3 T cell_All,
Z66_CD3 T cell_All,CD3 T cell_All,0.563164275147758
Z69_CD3 T cell_All,CD3 T cell_All,0.5495992872959923
Z70_CD3 T cell_All,CD3 T cell_All,0.6312690593478771
Z72_CD3 T cell_All,CD3 T cell_All,0.5770299158996196
Z8_CD3 T cell_All,CD3 T cell_All,0.5412814504908464
Z9_CD3 T cell_All,CD3 T cell_All,0.588293424429109
